{"scpcs_solve": [6.281019449234009, 16.736234664916992, 341.98820400238037, 149.7877607345581, 210.67035341262817, 199.34207320213318, 94.11242175102234, 77.49898433685303, 60.25477433204651, 54.33142566680908], "highs": [0.024433374404907227, 0.36096739768981934, 1.6300220489501953, 1.4186506271362305, 1.4262659549713135, 1.7604718208312988, 0.4784557819366455, 0.11022162437438965, 0.041733741760253906, 0.016491413116455078]}